Time (s),ESC signal (µs),Servo 1 (µs),Servo 2 (µs),Servo 3 (µs),AccX (g),AccY (g),AccZ (g),Torque (N·m),Thrust (gf),Voltage (V),Current (A),Motor Electrical Speed (RPM),Motor Optical Speed (RPM),Electrical Power (W),Mechanical Power (W),Motor Efficiency (%),Propeller Mech. Efficiency (gf/W),Overall Efficiency (gf/W),Vibration (g),App message,
0.2364655000004685,1300,,,,-0.03955078125,0.0166015625,-0.98798828125,0.0007337840940423131,3.3526308520922523,7.6747520685195925,0.7421989291906357,11359,0,5.696204194767134,0.8729566651531488,15.344078308322247,3.87009063068202,0.5894693829247558,0.16455078125,,
0.2371239999998827,1333,,,,-0.046484375,0.02783203125,-0.98720703125,0.0009156521001403841,4.981024720342494,7.659289789199829,0.8451223224401474,12355,0,6.473021003295891,1.1854645783548792,18.33019581474699,4.233725219647652,0.7699085943851304,0.27041015625,,
3.7386999999998607,1366,,,,-0.0423828125,0.00517578125,-0.98857421875,0.0006629355658734452,7.168015467476869,7.644338703155517,0.9548258453607559,13509,0,7.299002370540414,0.9378484857057513,12.861787285261466,7.691724094999988,0.9824133435053677,0.19228515625,,
7.237488249999958,1399,,,,-0.0529296875,0.01181640625,-0.989453125,0.0007737400858388933,9.41781521889242,7.63148045539856,1.0647631466388703,14560,0,8.12571090027662,1.1797695667537544,14.529716741879776,8.025850148044176,1.1590564670972379,0.1740234375,,
